categoria;nome do exame;descricao;preparo;observação;tempo de retirada;valor;unidade
Ressonância magnética;Abdome total;Trata-se de exame de ressonância do abdome total (superior e pelve).;24 horas antes do exame: - Iniciar dieta (não consumir no dia: alimentos como leite e derivados, verduras cruas, bagaço de frutas, salada de folhas, frituras, feijões, grão-de-bico, mlho, lentilha,ervilha, sementes e similares). - Tomar 01 comprimido de Ducolax - Tomar Luftal de 8 em 8 horas 04 horas antes do exame: - Tomar 01 comprimido de Buscopan (Jejum absoluto de 12 horas em caso de paciente alérgico a Buscopan) - Jejum absoluto.;"FAZEMOS EXAMES DE RESSONÂNCIA COM SEDAÇÃO EXCETO RESSONÂNCIA MAMAS, ABDOMEN E PELVE. * Paciente diabético e em uso de CLORIDRATO DE METFORMINA ou qualquer medicação que contenha METFORMINA: necessário suspender a medicação 48 horas antes e 48 horas após o exame e somente sob a supervisão do médico assistente do cliente; Pacientes diabéticos e em uso de qualquer medicação hipoglicemiante (para controle de diabetes) injetável ou via oral: verificar junto ao médico assistente do paciente, a necessidade de suspensão ou ajuste da medicação para o período em jejum. * Poderá tomar todos os outros medicamentos que usa, com pouca água (1/2 copo de água). * Caso o paciente apresente alergia a qualquer tipo de medicamento, já deve ser informar no agendamento. * Em alguns casos, será necessária a introdução de contraste via retal e/ ou vaginal (qualquer restrição deve ser informada ao técnico). * Paciente portador de insuficiência renal deve trazer exames de sangue recentes; se realizar diálise, não pode fazer uso do contraste. * Paciente não pode ter marca-passo, stent no vaso arterial, clips de aneurisma ou implantes em olhos ou ouvidos (com lente intra-ocular para catarata pode realizar o exame; com prótese de ouro na pálpebra, apenas se não for o local a ser avaliado, pois pode comprometer a qualidade da imagem e o técnico suspender o procedimento; com prótese de ouvido realiza ressonância apenas mediante carta do seu médico, no dia do exame, nos certificando que a prótese é de teflon), tatuagens e/ ou maquiagem definitiva recentes (menos de 90 dias), piercings entre outros tipos de materiais metálicos; Na área do exame não usar gel, laquê, creme hidratante, sabonete hidratante (tipo DOVE®), condicionador, maquiagem, entre outros. Aparelhos ortodônticos devem ser retirados para a realização do exame. * Pélvica: deve ser realizada preferencialmente fora do período menstrual, a menos que haja solicitação médica para avaliar a paciente nessa fase do ciclo, ou seja, um caso de urgência; Mulheres com sangramento não menstrual pode fazer este exame se o médico solicitante assim desejar; Necessário apresentar resultados anteriores, se houver.";5;300;1
Ressonância magnética;Antebraço direito;Trata-se de exame de ressonância do antebraço direito. *A Angiografia por Ressonância Magnética (RM) é um grupo de técnicas baseadas em imagens de ressonância magnética (RM) para visualizar os vasos sanguíneos de imagem.*;Não é necessário preparo para este exame.;"FAZEMOS EXAMES DE RESSONÂNCIA COM SEDAÇÃO EXCETO RESSONÂNCIA MAMAS, ABDOMEN E PELVE. * Paciente não pode ter marca-passo, stent no vaso arterial, clips de aneurisma ou implantes em olhos ou ouvidos (com lente intra-ocular para catarata pode realizar o exame; com prótese de ouro na pálpebra, apenas se não for o local a ser avaliado, pois pode comprometer a qualidade da imagem e o técnico suspender o procedimento; com prótese de ouvido realiza ressonância apenas mediante carta do seu médico, no dia do exame, nos certificando que a prótese é de teflon), tatuagens e/ ou maquiagem definitiva recentes (menos de 90 dias), piercings entre outros tipos de materiais metálicos; Na área do exame não usar gel, laquê, creme hidratante, sabonete hidratante (tipo DOVE®), condicionador, maquiagem, entre outros. Aparelhos ortodônticos devem ser retirados para a realização do exame. * Paciente com gesso na região a ser avaliada deve solicitar ao seu médico a possibilidade de retirar o gesso, apenas no dia do exame, e a sua posterior colocação. Caso contrário, não é possível realizar o procedimento. * No dia do exame, levar todos os exames anteriores (RX, RM , TC E US).";5;300;1
Ressonância magnética;Antebraço Esquerdo;Trata-se de exame de ressonância do antebraço esquerdo.;Não é necessário preparo para este exame.;"FAZEMOS EXAMES DE RESSONÂNCIA COM SEDAÇÃO EXCETO RESSONÂNCIA MAMAS, ABDOMEN E PELVE. * Paciente não pode ter marca-passo, stent no vaso arterial, clips de aneurisma ou implantes em olhos ou ouvidos (com lente intra-ocular para catarata pode realizar o exame; com prótese de ouro na pálpebra, apenas se não for o local a ser avaliado, pois pode comprometer a qualidade da imagem e o técnico suspender o procedimento; com prótese de ouvido realiza ressonância apenas mediante carta do seu médico, no dia do exame, nos certificando que a prótese é de teflon), tatuagens e/ ou maquiagem definitiva recentes (menos de 90 dias), piercings entre outros tipos de materiais metálicos; Na área do exame não usar gel, laquê, creme hidratante, sabonete hidratante (tipo DOVE®), condicionador, maquiagem, entre outros. Aparelhos ortodônticos devem ser retirados para a realização do exame. * Paciente com gesso na região a ser avaliada deve solicitar ao seu médico a possibilidade de retirar o gesso, apenas no dia do exame, e a sua posterior colocação. Caso contrário, não é possível realizar o procedimento. * No dia do exame, levar todos os exames anteriores (RX, RM , TC E US).";5;300;1
Ressonância magnética;Bacia;Trata-se de exame de ressonância da bacia.;Não é necessário preparo para este exame.;"FAZEMOS EXAMES DE RESSONÂNCIA COM SEDAÇÃO EXCETO RESSONÂNCIA MAMAS, ABDOMEN E PELVE. * Paciente não pode ter marca-passo, stent no vaso arterial, clips de aneurisma ou implantes em olhos ou ouvidos (com lente intra-ocular para catarata pode realizar o exame; com prótese de ouro na pálpebra, apenas se não for o local a ser avaliado, pois pode comprometer a qualidade da imagem e o técnico suspender o procedimento; com prótese de ouvido realiza ressonância apenas mediante carta do seu médico, no dia do exame, nos certificando que a prótese é de teflon), tatuagens e/ ou maquiagem definitiva recentes (menos de 90 dias), piercings entre outros tipos de materiais metálicos; Na área do exame não usar gel, laquê, creme hidratante, sabonete hidratante (tipo DOVE®), condicionador, maquiagem, entre outros. Aparelhos ortodônticos devem ser retirados para a realização do exame. * Paciente com gesso na região a ser avaliada deve solicitar ao seu médico a possibilidade de retirar o gesso, apenas no dia do exame, e a sua posterior colocação. Caso contrário, não é possível realizar o procedimento. * No dia do exame, levar todos os exames anteriores (RX, RM , TC E US).";5;300;1
Ressonância magnética;Bolsa Escrotal;Trata-se de exame de resson%25C3%25A2ncia da bolsa escrotal.;Não é necessário preparo para este exame.;"FAZEMOS EXAMES DE RESSONÂNCIA COM SEDAÇÃO EXCETO RESSONÂNCIA MAMAS, ABDOMEN E PELVE. * Paciente não pode ter marca-passo, stent no vaso arterial, clips de aneurisma ou implantes em olhos ou ouvidos (com lente intra-ocular para catarata pode realizar o exame; com prótese de ouro na pálpebra, apenas se não for o local a ser avaliado, pois pode comprometer a qualidade da imagem e o técnico suspender o procedimento; com prótese de ouvido realiza ressonância apenas mediante carta do seu médico, no dia do exame, nos certificando que a prótese é de teflon), tatuagens e/ ou maquiagem definitiva recentes (menos de 90 dias), piercings entre outros tipos de materiais metálicos; Na área do exame não usar gel, laquê, creme hidratante, sabonete hidratante (tipo DOVE®), condicionador, maquiagem, entre outros. Aparelhos ortodônticos devem ser retirados para a realização do exame. * Paciente com gesso na região a ser avaliada deve solicitar ao seu médico a possibilidade de retirar o gesso, apenas no dia do exame, e a sua posterior colocação. Caso contrário, não é possível realizar o procedimento. * No dia do exame, levar todos os exames anteriores (RX, RM , TC E US).";5;300;1
Ressonância magnética;Coluna Cervical;Trata-se de exame de ressonância da coluna cervical.;Não é necessário preparo para este exame.;"FAZEMOS EXAMES DE RESSONÂNCIA COM SEDAÇÃO EXCETO RESSONÂNCIA MAMAS, ABDOMEN E PELVE. * Paciente não pode ter marca-passo, stent no vaso arterial, clips de aneurisma ou implantes em olhos ou ouvidos (com lente intra-ocular para catarata pode realizar o exame; com prótese de ouro na pálpebra, apenas se não for o local a ser avaliado, pois pode comprometer a qualidade da imagem e o técnico suspender o procedimento; com prótese de ouvido realiza ressonância apenas mediante carta do seu médico, no dia do exame, nos certificando que a prótese é de teflon), tatuagens e/ ou maquiagem definitiva recentes (menos de 90 dias), piercings entre outros tipos de materiais metálicos; Na área do exame não usar gel, laquê, creme hidratante, sabonete hidratante (tipo DOVE®), condicionador, maquiagem, entre outros. Aparelhos ortodônticos devem ser retirados para a realização do exame. * Paciente com gesso na região a ser avaliada deve solicitar ao seu médico a possibilidade de retirar o gesso, apenas no dia do exame, e a sua posterior colocação. Caso contrário, não é possível realizar o procedimento. * No dia do exame, levar todos os exames anteriores (RX, RM , TC E US).";5;300;1
Ressonância magnética;Coração;Trata-se de exame de ressonância do coração.;Não é necessário preparo para este exame.;"FAZEMOS EXAMES DE RESSONÂNCIA COM SEDAÇÃO EXCETO RESSONÂNCIA MAMAS, ABDOMEN E PELVE. * Paciente não pode ter marca-passo, stent no vaso arterial, clips de aneurisma ou implantes em olhos ou ouvidos (com lente intra-ocular para catarata pode realizar o exame; com prótese de ouro na pálpebra, apenas se não for o local a ser avaliado, pois pode comprometer a qualidade da imagem e o técnico suspender o procedimento; com prótese de ouvido realiza ressonância apenas mediante carta do seu médico, no dia do exame, nos certificando que a prótese é de teflon), tatuagens e/ ou maquiagem definitiva recentes (menos de 90 dias), piercings entre outros tipos de materiais metálicos; Na área do exame não usar gel, laquê, creme hidratante, sabonete hidratante (tipo DOVE®), condicionador, maquiagem, entre outros. Aparelhos ortodônticos devem ser retirados para a realização do exame. * Paciente com gesso na região a ser avaliada deve solicitar ao seu médico a possibilidade de retirar o gesso, apenas no dia do exame, e a sua posterior colocação. Caso contrário, não é possível realizar o procedimento. * No dia do exame, levar todos os exames anteriores (RX, RM , TC E US).";5;300;1
Ressonância magnética;Face;Trata-se de exame de ressonância da face.;Não é necessário preparo para este exame.;"FAZEMOS EXAMES DE RESSONÂNCIA COM SEDAÇÃO EXCETO RM MAMAS, ABDOME E PELVE. * Paciente não pode ter marca-passo, stent no vaso arterial, clips de aneurisma ou implantes em olhos ou ouvidos (com lente intra-ocular para catarata pode realizar o exame; com prótese de ouro na pálpebra, apenas se não for o local a ser avaliado, pois pode comprometer a qualidade da imagem e o técnico suspender o procedimento; com prótese de ouvido realiza ressonância apenas mediante carta do seu médico, no dia do exame, nos certificando que a prótese é de teflon), tatuagens e/ ou maquiagem definitiva recentes (menos de 90 dias), piercings entre outros tipos de materiais metálicos; Na área do exame não usar gel, laquê, creme hidratante, sabonete hidratante (tipo DOVE®), condicionador, maquiagem, entre outros. Aparelhos ortodônticos devem ser retirados para a realização do exame. * Paciente com gesso na região a ser avaliada deve solicitar ao seu médico a possibilidade de retirar o gesso, apenas no dia do exame, e a sua posterior colocação. Caso contrário, não é possível realizar o procedimento. * No dia do exame, levar todos os exames anteriores (RX, RM , TC E US).";5;300;1
Ressonância magnética;Joelho Direito;Trata-se de exame de ressonância do joelho direito.;Vir de bermuda ou shorts.;"FAZEMOS EXAMES DE RESSONÂNCIA COM SEDAÇÃO EXCETO RM MAMAS, ABDOME E PELVE. * Paciente não pode ter marca-passo, stent no vaso arterial, clips de aneurisma ou implantes em olhos ou ouvidos (com lente intra-ocular para catarata pode realizar o exame; com prótese de ouro na pálpebra, apenas se não for o local a ser avaliado, pois pode comprometer a qualidade da imagem e o técnico suspender o procedimento; com prótese de ouvido realiza ressonância apenas mediante carta do seu médico, no dia do exame, nos certificando que a prótese é de teflon), tatuagens e/ ou maquiagem definitiva recentes (menos de 90 dias), piercings entre outros tipos de materiais metálicos; Na área do exame não usar gel, laquê, creme hidratante, sabonete hidratante (tipo DOVE®), condicionador, maquiagem, entre outros. Aparelhos ortodônticos devem ser retirados para a realização do exame. * Paciente com gesso na região a ser avaliada deve solicitar ao seu médico a possibilidade de retirar o gesso, apenas no dia do exame, e a sua posterior colocação. Caso contrário, não é possível realizar o procedimento. * No dia do exame, levar todos os exames anteriores (RX, RM , TC E US).";5;300;1
Ressonância magnética;Joelho Esquerdo;Trata-se de exame de ressonância do joelho esquerdo.;Vir de bermuda ou shorts.;"FAZEMOS EXAMES DE RESSONÂNCIA COM SEDAÇÃO EXCETO RM MAMAS, ABDOME E PELVE. * Paciente não pode ter marca-passo, stent no vaso arterial, clips de aneurisma ou implantes em olhos ou ouvidos (com lente intra-ocular para catarata pode realizar o exame; com prótese de ouro na pálpebra, apenas se não for o local a ser avaliado, pois pode comprometer a qualidade da imagem e o técnico suspender o procedimento; com prótese de ouvido realiza ressonância apenas mediante carta do seu médico, no dia do exame, nos certificando que a prótese é de teflon), tatuagens e/ ou maquiagem definitiva recentes (menos de 90 dias), piercings entre outros tipos de materiais metálicos; Na área do exame não usar gel, laquê, creme hidratante, sabonete hidratante (tipo DOVE®), condicionador, maquiagem, entre outros. Aparelhos ortodônticos devem ser retirados para a realização do exame. * Paciente com gesso na região a ser avaliada deve solicitar ao seu médico a possibilidade de retirar o gesso, apenas no dia do exame, e a sua posterior colocação. Caso contrário, não é possível realizar o procedimento. * No dia do exame, levar todos os exames anteriores (RX, RM , TC E US).";5;300;1
Ressonância magnética;Pelve;Trata-se de exame de ressonância da pelve.;24 horas antes do exame: - Iniciar dieta (não consumir: alimentos como leite e derivados, verduras cruas, bagaço de frutas, salada de folhas, frituras, feijões, grão-de-bico, milho, lentilha, ervilha, sementes e similares). - Tomar comprimido de Ducolax (laxante) - Tomar luftal de 8 em 8 horas. 4 horas antes do exame: - Tomar comprimido de Buscopan (Jejum absoluto de 12 horas em caso de paciente alérgico a Buscopan (Escopolamina)).;"FAZEMOS EXAMES DE RESSONÂNCIA COM SEDAÇÃO EXCETO RM MAMAS, ABDOME E PELVE. * Paciente diabético e em uso de CLORIDRATO DE METFORMINA ou qualquer medicação que contenha METFORMINA: necessário suspender a medicação 48 horas antes e 48 horas após o exame e somente sob a supervisão do médico assistente do cliente; Pacientes diabéticos e em uso de qualquer medicação hipoglicemiante (para controle de diabetes) injetável ou via oral: verificar junto ao médico assistente do paciente, a necessidade de suspensão ou ajuste da medicação para o período em jejum. * Poderá tomar todos os outros medicamentos que usa, com pouca água (1/2 copo de água). * Caso o paciente apresente alergia a qualquer tipo de medicamento, já deve ser informado no agendamento. * Em alguns casos, será necessária a introdução de contraste via retal e/ ou vaginal (qualquer restrição deve ser informada ao técnico). * Paciente portador de insuficiência renal deve trazer exames de sangue recentes; se realizar diálise, não pode fazer uso do contraste. * Paciente não pode ter marca-passo, stent no vaso arterial, clips de aneurisma ou implantes em olhos ou ouvidos (com lente intra-ocular para catarata pode realizar o exame; com prótese de ouro na pálpebra, apenas se não for o local a ser avaliado, pois pode comprometer a qualidade da imagem e o técnico suspender o procedimento; com prótese de ouvido realiza ressonância apenas mediante carta do seu médico, no dia do exame, nos certificando que a prótese é de teflon), tatuagens e/ ou maquiagem definitiva recentes (menos de 90 dias), piercings entre outros tipos de materiais metálicos; Na área do exame não usar gel, laquê, creme hidratante, sabonete hidratante (tipo DOVE®), condicionador, maquiagem, entre outros. Aparelhos ortodônticos devem ser retirados para a realização do exame. * Pélvica: deve ser realizada preferencialmente fora do período menstrual, a menos que haja solicitação médica para avaliar a paciente nessa fase do ciclo, ou seja, um caso de urgência; Mulheres com sangramento não menstrual pode fazer este exame se o médico solicitante assim desejar; Necessário apresentar resultados anteriores, se houver.";5;300;1
Ressonância magnética;Prostata;Trata-se de exame de ressonância magnética da prostota.;Nenhuma preparo disponível, por favor consulte um atendente para mais informações.;"FAZEMOS EXAMES DE RESSONÂNCIA COM SEDAÇÃO EXCETO RM MAMAS, ABDOME E PELVE. * Paciente não pode ter marca-passo, stent no vaso arterial, clips de aneurisma ou implantes em olhos ou ouvidos (com lente intra-ocular para catarata pode realizar o exame; com prótese de ouro na pálpebra, apenas se não for o local a ser avaliado, pois pode comprometer a qualidade da imagem e o técnico suspender o procedimento; com prótese de ouvido realiza ressonância apenas mediante carta do seu médico, no dia do exame, nos certificando que a prótese é de teflon), tatuagens e/ ou maquiagem definitiva recentes (menos de 90 dias), piercings entre outros tipos de materiais metálicos; Na área do exame não usar gel, laquê, creme hidratante, sabonete hidratante (tipo DOVE®), condicionador, maquiagem, entre outros. Aparelhos ortodônticos devem ser retirados para a realização do exame. * Paciente com gesso na região a ser avaliada deve solicitar ao seu médico a possibilidade de retirar o gesso, apenas no dia do exame, e a sua posterior colocação. Caso contrário, não é possível realizar o procedimento. * No dia do exame, levar todos os exames anteriores (RX, RM , TC E US).";5;300;1
Ressonância magnética;Pênis;Trata-se de exame de ressonância magnética do pênis.;Nenhuma preparo disponível, por favor consulte um atendente para mais informações.;Nenhuma observação disponível.;5;300;1
Ressonância magnética;Seios da Face;Trata-se de exame de ressonância magnética dos seios da face.;Não é necessário preparo para este exame.;"FAZEMOS EXAMES DE RESSONÂNCIA COM SEDAÇÃO EXCETO RESSONÂNCIA MAMAS, ABDOMEN E PELVE. * Paciente não pode ter marca-passo, stent no vaso arterial, clips de aneurisma ou implantes em olhos ou ouvidos (com lente intra-ocular para catarata pode realizar o exame; com prótese de ouro na pálpebra, apenas se não for o local a ser avaliado, pois pode comprometer a qualidade da imagem e o técnico suspender o procedimento; com prótese de ouvido realiza ressonância apenas mediante carta do seu médico, no dia do exame, nos certificando que a prótese é de teflon), tatuagens e/ ou maquiagem definitiva recentes (menos de 90 dias), piercings entre outros tipos de materiais metálicos; Na área do exame não usar gel, laquê, creme hidratante, sabonete hidratante (tipo DOVE®), condicionador, maquiagem, entre outros. Aparelhos ortodônticos devem ser retirados para a realização do exame. * Paciente com gesso na região a ser avaliada deve solicitar ao seu médico a possibilidade de retirar o gesso, apenas no dia do exame, e a sua posterior colocação. Caso contrário, não é possível realizar o procedimento. * No dia do exame, levar todos os exames anteriores (RX, RM , TC E US).";5;300;1
Ressonância magnética;Tórax;Trata-se de exame de ressonância magnética do tórax.;04 horas antes do exame: - Jejum absoluto.;"FAZEMOS EXAMES DE RESSONÂNCIA COM SEDAÇÃO EXCETO RESSONÂNCIA MAMAS, ABDOMEN E PELVE. * Paciente diabético e em uso de CLORIDRATO DE METFORMINA ou qualquer medicação que contenha METFORMINA: necessário suspender a medicação 48 horas antes e 48 horas após o exame e somente sob a supervisão do médico assistente do cliente; * Poderá tomar todos os outros medicamentos que usa, com pouca água (1/2 copo de água); * Paciente portador de insuficiência renal deve trazer exames de sangue recentes; se realizar diálise, não pode fazer uso do contraste; * Paciente lactante não deve amamentar durante 24 horas, após o exame; * Paciente não pode ter marca-passo, stent no vaso arterial, clips de aneurisma ou implantes em olhos ou ouvidos (com lente intra-ocular para catarata pode realizar o exame; com prótese de ouro na pálpebra, apenas se não for o local a ser avaliado, pois pode comprometer a qualidade da imagem e o técnico suspender o procedimento; com prótese de ouvido realiza ressonância apenas mediante carta do seu médico, no dia do exame, nos certificando que a prótese é de teflon), tatuagens e/ ou maquiagem definitiva recentes (menos de 90 dias), piercings entre outros tipos de materiais metálicos; Na área do exame não usar gel, laquê, creme hidratante, sabonete hidratante (tipo DOVE®), condicionador, maquiagem, entre outros. Aparelhos ortodônticos devem ser retirados para a realização do exame.";5;300;1
Tomografia Computadorizada;Angiotomografia da pelve;Angiotomografia é um exame de diagnóstico rápido que permite a perfeita visualização das veias e artérias do corpo (região pelve).;Nenhuma preparo disponível, por favor consulte um atendente para mais informações.;Nenhuma observação disponível.;5;250;1
Tomografia Computadorizada;Clavicula;Trata-se de exame de tomografia computadorizada da clavícula.;Não é necessário preparo para este exame.;- Levar no dia do exame, exames anteriores de Tomografia, Ressonância Magnética, Raio-X de crânio ou seios da face.;5;250;1
Tomografia Computadorizada;Coccix;Trata-se de exame de tomografia computadorizada do coccix.;Não é necessário preparo para este exame.;- Levar no dia do exame, exames anteriores de Tomografia, Ressonância Magnética, Raio-X de crânio ou seios da face.;5;250;1
Tomografia Computadorizada;Coluna Dorsal;Trata-se de exame de tomografia computadorizada da coluna dorsal.;Não é necessário preparo para este exame.;- Levar no dia do exame, exames anteriores de Tomografia, Ressonância Magnética, Raio-X de crânio ou seios da face.;5;250;1
Tomografia Computadorizada;Coxa Direita;Trata-se de exame de tomografia computadorizada da coxa direita.;Não é necessário preparo para este exame.;- Levar no dia do exame, exames anteriores de Tomografia, Ressonância Magnética, Raio-X de crânio ou seios da face.;5;250;1
Tomografia Computadorizada;Coxa Esquerda;Trata-se de exame de tomografia computadorizada da coxa esquerda.;Não é necessário preparo para este exame.;- Levar no dia do exame, exames anteriores de Tomografia, Ressonância Magnética, Raio-X de crânio ou seios da face.;5;250;1
Tomografia Computadorizada;Coxofemoral;Trata-se de exame de tomografia computadorizada do coxofemoral bilateral.;Não é necessário preparo para este exame.;- Levar no dia do exame, exames anteriores de Tomografia, Ressonância Magnética, Raio-X de crânio ou seios da face.;5;250;1
Tomografia Computadorizada;Crânio;Trata-se de exame de tomografia computadorizada do crânio.;- Jejum de 4 horas.;"* Paciente diabético e em uso de CLORIDRATO DE METFORMINA ou qualquer medicação que contenha METFORMINA: necessário suspender a medicação 48 horas antes e 48 horas após o exame e somente sob a supervisão do médico assistente do cliente; Pacientes diabéticos e em uso de qualquer medicação hipoglicemiante (para controle de diabetes) injetável ou via oral: verificar junto ao médico assistente do paciente, a necessidade de suspensão ou ajuste da medicação para o período em jejum. * Poderá tomar todos os outros medicamentos que usa, com pouca água (1/2 copo de água). * Caso o paciente apresente alergia a qualquer tipo de medicamento, já deve ser informado no agendamento. * Em alguns casos, será necessária a introdução de contraste via retal e/ ou vaginal (qualquer restrição deve ser informada ao técnico). * Paciente portador de insuficiência renal deve trazer exames de sangue recentes; se realizar diálise, não pode fazer uso do contraste.";5;250;1
Tomografia Computadorizada;Face;Trata-se de exame de tomografia computadorizada da face.;Não é necessário preparo para este exame.;- Levar no dia do exame, exames anteriores de Tomografia, Ressonância Magnética, Raio-X de crânio ou seios da face.;5;250;1
Tomografia Computadorizada;Mandibula;Trata-se de exame de tomografia computadorizada da mandíbula.;Não é necessário preparo para este exame.;- Levar no dia do exame, exames anteriores de Tomografia, Ressonância Magnética, Raio-X de crânio ou seios da face.;5;250;1
Tomografia Computadorizada;Hipófise;Trata-se de exame de tomografia computadorizada da hipófise.;Nenhuma preparo disponível, por favor consulte um atendente para mais informações.;"* Chegar 30 minutos antes do horário marcado, para efetuar cadastro e preparo; * Paciente diabético e em uso de CLORIDRATO DE METFORMINA ou qualquer medicação que contenha METFORMINA em sua fórmula: necessário suspender a medicação 48 horas antes e 48 horas após o exame e somente sob a supervisão do médico assistente do cliente; Poderá tomar todos os outros medicamentos que usa, com pouca água (1/2 copo). * Caso o paciente apresente alergia a qualquer tipo de medicamento, já deve ser informado no agendamento e registrado em sistema, para que o técnico efetue as devidas providências, antes de iniciar o procedimento. * Paciente portador de insuficiência renal deve trazer exames de sangue recentes; se realizar diálise, não pode fazer uso do contraste. * Paciente lactante não deve amamentar durante 24 horas, após o exame.";5;250;1
Densitometria Ossea;Densitometria Ossea;A Densitometria Óssea é um exame capaz de identificar a osteoporose já em estágios iniciais antes mesmo de aparecer no raio x.;"Paciente que fez uso de contraste, só poderá realizar o exame 07 (sete) dias após a data de utilização. Paciente do sexo feminino em IDADE FÉRTIL e com SUSPEITA DE GRAVIDEZ ou ATRASO MENSTRUAL deve informar o técnico de exame; GESTANTE não pode realizar esse exame.";"Paciente que fez uso de contraste, só poderá realizar o exame 07 (sete) dias após a data de utilização. Paciente do sexo feminino em IDADE FÉRTIL e com SUSPEITA DE GRAVIDEZ ou ATRASO MENSTRUAL deve informar o técnico de exame; GESTANTE não pode realizar esse exame.";5;120;1
Ultrassom;Abdome Total;Trata-se de exame de ultrassom do abdome total, que inclui o fígado, vesícula biliar, pâncreas, rins, bexiga, baço, aorta e veia cava. ;JEJUM 12 HORAS (Período da manhã) JEJUM 06 HORAS (Período da tarde ou paciente diabético) JEJUM 04 HORAS (Crianças de 03 - 06 anos) JEJUM 01 HORA (Crianças até 02 anos) Beber 4 copos de água ao chegar na clínica.;Na VÉSPERA de JEJUM, EVITAR O CONSUMO de: leite e derivados, verduras cruas, bagaço de frutas, salada de folhas, frituras, feijões, grão-de-bico, milho, lentilha, ervilha, sementes e similares. Em qualquer um dos casos, o paciente pode tomar todos os outros medicamentos que usa. No dia do exame, levar todos os exames anteriores de ultrassom.;0;140;1
Ultrassom;Abdome Total com doppler;Trata-se de ultrassom de abdome total com doppler colorido.;JEJUM 12 HORAS (Período da manhã) JEJUM 06 HORAS (Período da tarde ou paciente diabético) JEJUM 04 HORAS (Crianças de 03 - 06 anos) JEJUM 01 HORA (Crianças até 02 anos) Beber 4 copos de água ao chegar na clínica.;JEJUM 12 HORAS (Período da manhã) JEJUM 06 HORAS (Período da tarde ou paciente diabético) JEJUM 04 HORAS (Crianças de 03 - 06 anos) JEJUM 01 HORA (Crianças até 02 anos) Beber 4 copos de água ao chegar na clínica.;0;140;1
Ultrassom;Carótidas;Trata-se de ultrassom das carótidas.;Não é necessário preparo para este exame.;No dia do exame, levar todos os exames anteriores de ultrassom.;0;140;1
Ultrassom;Nadegas;Trata-se de ultrassom das nádegas.;Não é necessário preparo para este exame.;No dia do exame, levar todos os exames anteriores de ultrassom.;0;140;1
Ultrassom;Pescoço;Trata-se de ultrassom do pescoço.;Não é necessário preparo para este exame.;No dia do exame, levar todos os exames anteriores de ultrassom.;0;140;1
Ultrassom;Tireoide;Trata-se de ultrassom da tireoide.;Não é necessário preparo para este exame.;No dia do exame, levar todos os exames anteriores de ultrassom.;0;140;1
Ultrassom;Venoso de Membro Inferior Direito;Trata-se de ultrassom de venoso do membro inferior direito.;Não é necessário preparo para este exame.;No dia do exame, levar todos os exames anteriores de ultrassom.;0;140;1
Ultrassom;Venoso de Membro Inferior Esquerdo;Trata-se de ultrassom de venoso do membro inferior esquerdo.;Não é necessário preparo para este exame.;No dia do exame, levar todos os exames anteriores de ultrassom.;0;140;1
Ultrassom;Gestacional de 5D;"Trata-se de ultrassom gestacional 5D; exame estetico e particular sem a necessidade de apresentar pedido medico.";Exame realizado no período de 26 a 32 semanas de gestação.;* 2 Acompanhantes (crianças menores de 5 anos não entra na sala). * No dia do exame, levar todos os exames anteriores de ultrassom. * Acompanha um pen drive com a gravação do exame.;0;140;1
Ultrassom;Morfologica de 1º Trimestre;Trata-se de ultrassom gestacional de primeiro trimestre. Serve para medir o acúmulo de líquido na nuca do feto. É possível analisar o risco de síndrome de Down e outras anomalias cromossômicas.;Pode levar no dia do exame: - 1 Pen Drive vazio de no mínimo 4gb (Gravação é cortesia da clinica) - 2 acompanhantes (crianças menores de 5 anos não entra);Realizado entre 12 a 14 semanas. No dia do exame, levar todos os exames anteriores de ultrassom. * Por ser um aparelho médico, não podemos garantir a qualidade do vídeo gravado durante o exame. Por isto, a gravação no pen drive é uma cortesia e não há possibilidade de ressarcimento ou repetição do exame, com exceção do US Gestacional 4D. *;0;140;1
Ultrassom;Morfologica de 2º Trimestre;Trata-se de ultrassom gestacional de segundo trimestre. Consiste em fazer uma avaliação das estruturas de cada segmento do feto (cabeça, pescoço, coluna vertebral, tórax, abdômen, genitália externa e extremidades) e do liquido amniótico, cordão umbilical e placenta, com auxílio do Doppler colorido.;Pode levar no dia do exame: - 1 Pen Drive vazio de no mínimo 4gb (Gravação é cortesia da clinica) - 2 acompanhantes (crianças menores de 5 anos não entra);Realizado entre 20 a 24 semanas. No dia do exame, levar todos os exames anteriores de ultrassom. * Por ser um aparelho médico, não podemos garantir a qualidade do vídeo gravado durante o exame. Por isto, a gravação no pen drive é uma cortesia e não há possibilidade de ressarcimento ou repetição do exame, com exceção do US Gestacional 4D. *;0;140;1
Raio-x;Escanometria;Trata-se de radiografias frontais panorâmicas dos membros inferiores, geralmente na incidências ântero-posterior, com medidas do comprimento de cada membro.;Não é necessário preparo para este exame.;"Paciente do sexo feminino em IDADE FÉRTIL e com SUSPEITA DE GRAVIDEZ ou ATRASO MENSTRUAL deve informar o técnico de exame; GESTANTE não pode realizar nenhum exame de RAIO-X.";5;70;1
Raio-x;Ossos da face;Trata-se de radiografias dos ossos da face.;Não é necessário preparo para este exame.;"Paciente do sexo feminino em IDADE FÉRTIL e com SUSPEITA DE GRAVIDEZ ou ATRASO MENSTRUAL deve informar o técnico de exame; GESTANTE não pode realizar nenhum exame de RAIO-X.";5;70;1
Raio-x;Nariz;Trata-se de radiografia do nariz.;Não é necessário preparo para este exame.;"Paciente do sexo feminino em IDADE FÉRTIL e com SUSPEITA DE GRAVIDEZ ou ATRASO MENSTRUAL deve informar o técnico de exame; GESTANTE não pode realizar nenhum exame de RAIO-X.";5;70;1
Raio-x;Patela;Trata-se de radiografias da patela.;Não é necessário preparo para este exame.;"Paciente do sexo feminino em IDADE FÉRTIL e com SUSPEITA DE GRAVIDEZ ou ATRASO MENSTRUAL deve informar o técnico de exame; GESTANTE não pode realizar nenhum exame de RAIO-X.";5;70;1
Raio-x;Quadril;Trata-se de radiografias do quadril.;Não é necessário preparo para este exame.;"Paciente do sexo feminino em IDADE FÉRTIL e com SUSPEITA DE GRAVIDEZ ou ATRASO MENSTRUAL deve informar o técnico de exame; GESTANTE não pode realizar nenhum exame de RAIO-X.";5;70;1
Mamografia;Mamografia digital;A mamografia é um exame radiológico para avaliação das mamas, feita com um aparelho de raio-X chamado mamógrafo. Pode identificar lesões benignas e cânceres, que geralmente se apresentam como nódulos, ou calcificações. ;"- Não usar talco, desodorantes e cremes nas mamas e axilas no dia do exame; -Trazer exames anteriores de Mamografia, Ultrassonografia de Mamas, biopsias ou punções.";"- Mulheres com atraso menstrual OU incerteza em relação a gravidez: NÃO realizar o exame. Confirmar a ausência de gravidez (esperar a menstruação ou procurar o seu médico); - Mulheres com gravidez conhecida: NÃO realizar o exame se não tiver autorização do médico solicitante 'por escrito'; - Mulheres com gravidez conhecida e documento do médico reconhecendo a gestação e autorizando a realização da radiografia solicitada: REALIZAR a radiografia com o uso do avental de Chumbo, cedido na unidade; - Se estiver amamentando, é necessário esvaziar as mamas 1 hora antes do exame, devido à compressão local.";5;90;1
Mamografia;Mamografia convencial;A mamografia é um exame radiológico para avaliação das mamas, feita com um aparelho de raio-X chamado mamógrafo. Pode identificar lesões benignas e cânceres, que geralmente se apresentam como nódulos, ou calcificações. ;"- Não usar talco, desodorantes e cremes nas mamas e axilas no dia do exame; -Trazer exames anteriores de Mamografia, Ultrassonografia de Mamas, biopsias ou punções.";"- Mulheres com atraso menstrual OU incerteza em relação a gravidez: NÃO realizar o exame. Confirmar a ausência de gravidez (esperar a menstruação ou procurar o seu médico); - Mulheres com gravidez conhecida: NÃO realizar o exame se não tiver autorização do médico solicitante 'por escrito'; - Mulheres com gravidez conhecida e documento do médico reconhecendo a gestação e autorizando a realização da radiografia solicitada: REALIZAR a radiografia com o uso do avental de Chumbo, cedido na unidade; - Se estiver amamentando, é necessário esvaziar as mamas 1 hora antes do exame, devido à compressão local.";5;90;1
Cardiologia;Ecodopplercardiograma;Trata-se de ultrassom de ecocardiograma com doppler colorido.;Não é necessário preparo para este exame.;No dia do exame, levar todos os exames anteriores de ultrassom.;0;180;1
Cardiologia;eletrocardiograma;O eletrocardiograma, como o próprio nome sugere, é um exame que permite a avaliação elétrica da atividade cardíaca (potenciais elétricos) e da sua condução, registrada em gráficos que são comparados com gráficos padrão e que indicam, assim, o estado de normalidade ou de alteração dos músculos e nervos do coração.;No dia exame recomenda-se não usar creme hidratante ou óleo corporal na região do tórax. Em caso de paciente fumante evitar fumar pelo menos 30 minutos antes do exame.;Nenhuma observação disponível.;5;40;1
Cardiologia;Holter;O Holter é um monitor portátil que registra a atividade elétrica do coração e suas variações durante as 24 horas do dia. É um exame complementar ao eletrocardiograma para detectar alterações que em geral não aparecem num exame de tempo mais limitado, de alguns minutos.;"A pele deve estar limpa no local onde será colocado o aparelho; Estar vestido com camisa de botão ou blusa larga;";O equipamento será retirado exatamente 24 (vinte e quatro) horas após a sua colocação.;5;100;1
Cardiologia;Monitoração Ambulatorial da Pressão Arterial;A MAPA (assim mesmo, no feminino) é a sigla de Monitorização Ambulatorial da Pressão Arterial. Trata-se de um exame útil tanto no diagnóstico e no acompanhamento da Hipertensão Arterial. A pressão arterial varia constantemente por isto não podemos na maioria dos casos estabelecer o estágio de Hipertensão Arterial somente com as leituras da pressão arterial realizadas no consultório.;"A pele deve estar limpa no local onde será colocado o aparelho; Estar vestido com camisa de botão ou blusa larga;";O equipamento será retirado exatamente 24 (vinte e quatro) horas após a sua colocação.;5;100;1
Cardiologia;Teste Ergometrico;O teste ergométrico serve para a avaliação ampla do funcionamento cardiovascular, quando submetido a esforço físico gradualmente crescente, em esteira rolante. São observados os sintomas, os comportamentos da frequência cardíaca, da pressão arterial e do eletrocardiograma antes, durante e após o esforço.;"Trazer toalha de rosto; Comparecer no local do exame, pelo menos 15 (quinze) minutos antes do horário marcado; Estar calçado de tênis confortável e vestido com roupa leve (moletom, short, camiseta), para realizar o exame; Não utilizar creme hidratante nem óleo corporal na região do tórax; Informar o nome das medicações em uso; Fazer refeição leve, pelo menos 02 (duas) horas antes do exame; Evitar fumar e/ou consumir bebida alcoólica, café e chá, no dia do exame; Evitar atividades físicas (corrida), no dia do exame. Usar sabonete de Glicerina 2 dias antes do Exame.";Mulheres - É obrigatório uso do TOP, é proibido o uso de sutiã no dia do exame.;0;150;1
Densitometria Ossea;Densitometria Ossea;A Densitometria Óssea é um exame capaz de identificar a osteoporose já em estágios iniciais antes mesmo de aparecer no raio x.;"Paciente que fez uso de contraste, só poderá realizar o exame 07 (sete) dias após a data de utilização. Paciente do sexo feminino em IDADE FÉRTIL e com SUSPEITA DE GRAVIDEZ ou ATRASO MENSTRUAL deve informar o técnico de exame; GESTANTE não pode realizar esse exame.";"Paciente que fez uso de contraste, só poderá realizar o exame 07 (sete) dias após a data de utilização. Paciente do sexo feminino em IDADE FÉRTIL e com SUSPEITA DE GRAVIDEZ ou ATRASO MENSTRUAL deve informar o técnico de exame; GESTANTE não pode realizar esse exame.";5;120;2
Ultrassom;Abdome Total;Trata-se de exame de ultrassom do abdome total, que inclui o fígado, vesícula biliar, pâncreas, rins, bexiga, baço, aorta e veia cava. ;JEJUM 12 HORAS (Período da manhã) JEJUM 06 HORAS (Período da tarde ou paciente diabético) JEJUM 04 HORAS (Crianças de 03 - 06 anos) JEJUM 01 HORA (Crianças até 02 anos) Beber 4 copos de água ao chegar na clínica.;Na VÉSPERA de JEJUM, EVITAR O CONSUMO de: leite e derivados, verduras cruas, bagaço de frutas, salada de folhas, frituras, feijões, grão-de-bico, milho, lentilha, ervilha, sementes e similares. Em qualquer um dos casos, o paciente pode tomar todos os outros medicamentos que usa. No dia do exame, levar todos os exames anteriores de ultrassom.;0;140;2
Ultrassom;Abdome Total com doppler;Trata-se de ultrassom de abdome total com doppler colorido.;JEJUM 12 HORAS (Período da manhã) JEJUM 06 HORAS (Período da tarde ou paciente diabético) JEJUM 04 HORAS (Crianças de 03 - 06 anos) JEJUM 01 HORA (Crianças até 02 anos) Beber 4 copos de água ao chegar na clínica.;JEJUM 12 HORAS (Período da manhã) JEJUM 06 HORAS (Período da tarde ou paciente diabético) JEJUM 04 HORAS (Crianças de 03 - 06 anos) JEJUM 01 HORA (Crianças até 02 anos) Beber 4 copos de água ao chegar na clínica.;0;140;2
Ultrassom;Carótidas;Trata-se de ultrassom das carótidas.;Não é necessário preparo para este exame.;No dia do exame, levar todos os exames anteriores de ultrassom.;0;140;2
Ultrassom;Nadegas;Trata-se de ultrassom das nádegas.;Não é necessário preparo para este exame.;No dia do exame, levar todos os exames anteriores de ultrassom.;0;140;2
Ultrassom;Pescoço;Trata-se de ultrassom do pescoço.;Não é necessário preparo para este exame.;No dia do exame, levar todos os exames anteriores de ultrassom.;0;140;2
Ultrassom;Tireoide;Trata-se de ultrassom da tireoide.;Não é necessário preparo para este exame.;No dia do exame, levar todos os exames anteriores de ultrassom.;0;140;2
Ultrassom;Venoso de Membro Inferior Direito;Trata-se de ultrassom de venoso do membro inferior direito.;Não é necessário preparo para este exame.;No dia do exame, levar todos os exames anteriores de ultrassom.;0;140;2
Ultrassom;Venoso de Membro Inferior Esquerdo;Trata-se de ultrassom de venoso do membro inferior esquerdo.;Não é necessário preparo para este exame.;No dia do exame, levar todos os exames anteriores de ultrassom.;0;140;2
Ultrassom;Gestacional de 5D;"Trata-se de ultrassom gestacional 5D; exame estetico e particular sem a necessidade de apresentar pedido medico.";Exame realizado no período de 26 a 32 semanas de gestação.;* 2 Acompanhantes (crianças menores de 5 anos não entra na sala). * No dia do exame, levar todos os exames anteriores de ultrassom. * Acompanha um pen drive com a gravação do exame.;0;140;2
Ultrassom;Morfologica de 1º Trimestre;Trata-se de ultrassom gestacional de primeiro trimestre. Serve para medir o acúmulo de líquido na nuca do feto. É possível analisar o risco de síndrome de Down e outras anomalias cromossômicas.;Pode levar no dia do exame: - 1 Pen Drive vazio de no mínimo 4gb (Gravação é cortesia da clinica) - 2 acompanhantes (crianças menores de 5 anos não entra);Realizado entre 12 a 14 semanas. No dia do exame, levar todos os exames anteriores de ultrassom. * Por ser um aparelho médico, não podemos garantir a qualidade do vídeo gravado durante o exame. Por isto, a gravação no pen drive é uma cortesia e não há possibilidade de ressarcimento ou repetição do exame, com exceção do US Gestacional 4D. *;0;140;2
Ultrassom;Morfologica de 2º Trimestre;Trata-se de ultrassom gestacional de segundo trimestre. Consiste em fazer uma avaliação das estruturas de cada segmento do feto (cabeça, pescoço, coluna vertebral, tórax, abdômen, genitália externa e extremidades) e do liquido amniótico, cordão umbilical e placenta, com auxílio do Doppler colorido.;Pode levar no dia do exame: - 1 Pen Drive vazio de no mínimo 4gb (Gravação é cortesia da clinica) - 2 acompanhantes (crianças menores de 5 anos não entra);Realizado entre 20 a 24 semanas. No dia do exame, levar todos os exames anteriores de ultrassom. * Por ser um aparelho médico, não podemos garantir a qualidade do vídeo gravado durante o exame. Por isto, a gravação no pen drive é uma cortesia e não há possibilidade de ressarcimento ou repetição do exame, com exceção do US Gestacional 4D. *;0;140;2
Raio-x;Escanometria;Trata-se de radiografias frontais panorâmicas dos membros inferiores, geralmente na incidências ântero-posterior, com medidas do comprimento de cada membro.;Não é necessário preparo para este exame.;"Paciente do sexo feminino em IDADE FÉRTIL e com SUSPEITA DE GRAVIDEZ ou ATRASO MENSTRUAL deve informar o técnico de exame; GESTANTE não pode realizar nenhum exame de RAIO-X.";5;70;2
Raio-x;Ossos da face;Trata-se de radiografias dos ossos da face.;Não é necessário preparo para este exame.;"Paciente do sexo feminino em IDADE FÉRTIL e com SUSPEITA DE GRAVIDEZ ou ATRASO MENSTRUAL deve informar o técnico de exame; GESTANTE não pode realizar nenhum exame de RAIO-X.";5;70;2
Raio-x;Nariz;Trata-se de radiografia do nariz.;Não é necessário preparo para este exame.;"Paciente do sexo feminino em IDADE FÉRTIL e com SUSPEITA DE GRAVIDEZ ou ATRASO MENSTRUAL deve informar o técnico de exame; GESTANTE não pode realizar nenhum exame de RAIO-X.";5;70;2
Raio-x;Patela;Trata-se de radiografias da patela.;Não é necessário preparo para este exame.;"Paciente do sexo feminino em IDADE FÉRTIL e com SUSPEITA DE GRAVIDEZ ou ATRASO MENSTRUAL deve informar o técnico de exame; GESTANTE não pode realizar nenhum exame de RAIO-X.";5;70;2
Raio-x;Quadril;Trata-se de radiografias do quadril.;Não é necessário preparo para este exame.;"Paciente do sexo feminino em IDADE FÉRTIL e com SUSPEITA DE GRAVIDEZ ou ATRASO MENSTRUAL deve informar o técnico de exame; GESTANTE não pode realizar nenhum exame de RAIO-X.";5;70;2
Mamografia;Mamografia digital;A mamografia é um exame radiológico para avaliação das mamas, feita com um aparelho de raio-X chamado mamógrafo. Pode identificar lesões benignas e cânceres, que geralmente se apresentam como nódulos, ou calcificações. ;"- Não usar talco, desodorantes e cremes nas mamas e axilas no dia do exame; -Trazer exames anteriores de Mamografia, Ultrassonografia de Mamas, biopsias ou punções.";"- Mulheres com atraso menstrual OU incerteza em relação a gravidez: NÃO realizar o exame. Confirmar a ausência de gravidez (esperar a menstruação ou procurar o seu médico); - Mulheres com gravidez conhecida: NÃO realizar o exame se não tiver autorização do médico solicitante 'por escrito'; - Mulheres com gravidez conhecida e documento do médico reconhecendo a gestação e autorizando a realização da radiografia solicitada: REALIZAR a radiografia com o uso do avental de Chumbo, cedido na unidade; - Se estiver amamentando, é necessário esvaziar as mamas 1 hora antes do exame, devido à compressão local.";5;90;2
Mamografia;Mamografia convencial;A mamografia é um exame radiológico para avaliação das mamas, feita com um aparelho de raio-X chamado mamógrafo. Pode identificar lesões benignas e cânceres, que geralmente se apresentam como nódulos, ou calcificações. ;"- Não usar talco, desodorantes e cremes nas mamas e axilas no dia do exame; -Trazer exames anteriores de Mamografia, Ultrassonografia de Mamas, biopsias ou punções.";"- Mulheres com atraso menstrual OU incerteza em relação a gravidez: NÃO realizar o exame. Confirmar a ausência de gravidez (esperar a menstruação ou procurar o seu médico); - Mulheres com gravidez conhecida: NÃO realizar o exame se não tiver autorização do médico solicitante 'por escrito'; - Mulheres com gravidez conhecida e documento do médico reconhecendo a gestação e autorizando a realização da radiografia solicitada: REALIZAR a radiografia com o uso do avental de Chumbo, cedido na unidade; - Se estiver amamentando, é necessário esvaziar as mamas 1 hora antes do exame, devido à compressão local.";5;90;2
